{
	"class_name" : "PinholeCameraParameters",
	"extrinsic" : 
	[
		0.28024519717057933,
		-0.91267184602691476,
		0.29747727801068546,
		0.0,
		0.13946693678642869,
		-0.26789498066725792,
		-0.95330019032658331,
		0.0,
		0.94974291416479317,
		0.30864604452853922,
		0.052211264978484662,
		0.0,
		-14.055836698154899,
		-2.592794969150487,
		11.194190180758664,
		1.0
	],
	"intrinsic" : 
	{
		"height" : 1080,
		"intrinsic_matrix" : 
		[
			935.30743608719376,
			0.0,
			0.0,
			0.0,
			935.30743608719376,
			0.0,
			959.5,
			539.5,
			1.0
		],
		"width" : 1920
	},
	"version_major" : 1,
	"version_minor" : 0
}