{"min": [-0.540953, -0.832048, -0.357392], "max": [0.557354, 0.776803, 0.681511]}