{"min": [-0.678542, -0.602699, -0.435181], "max": [0.758094, 0.577395, 0.450958]}